[{"model": "webapp.projecttype", "pk": 1, "fields": {"name": "sites", "label": "Sites Internet"}}, {"model": "webapp.projecttype", "pk": 2, "fields": {"name": "webdesigns", "label": "Webdesign"}}, {"model": "webapp.projecttype", "pk": 3, "fields": {"name": "flash", "label": "Flash AS2 / AS3"}}, {"model": "webapp.projecttype", "pk": 4, "fields": {"name": "videos-3d", "label": "3D et Vid\u00e9o"}}, {"model": "webapp.projectimage", "pk": 1, "fields": {"path": "projets/galerie/projet-11/logo-apero.png", "alt": "", "vignette_path": "clients/lapero-net.jpg", "vignette_alt": "vignette lapero.net"}}, {"model": "webapp.projectimage", "pk": 2, "fields": {"path": "projets/galerie/projet-1/logo-edition-limitee.png", "alt": "logo edition limitee", "vignette_path": "clients/edition-limitee.jpg", "vignette_alt": "vignette edition limitee"}}, {"model": "webapp.projectimage", "pk": 3, "fields": {"path": "projets/galerie/projet-2/logo-ferme-sonnailles.png", "alt": "logo ferme des sonnailles", "vignette_path": "clients/sonnailles.jpg", "vignette_alt": "vignette ferme des sonnailles"}}, {"model": "webapp.projectimage", "pk": 4, "fields": {"path": "projets/galerie/projet-13/logo-bnp.png", "alt": "logo bnp paribas", "vignette_path": "clients/bnp-senegal.jpg", "vignette_alt": "vignette BNP Paribas - senegal"}}, {"model": "webapp.project", "pk": 1, "fields": {"name": "apero", "title": "L'Apero.net", "sub_title": "Webdesign", "active": 1, "project_type": 2, "project_image": 1, "created_at": "2020-08-17T00:00:00Z"}}, {"model": "webapp.project", "pk": 2, "fields": {"name": "edition-limitee", "title": "EDITION-LIMITEE", "sub_title": "Site E-commerce", "active": 1, "project_type": 1, "project_image": 2, "created_at": "2020-08-17T00:00:00Z"}}, {"model": "webapp.project", "pk": 3, "fields": {"name": "ferme-des-sonnailles", "title": "Ferme des Sonnailles", "sub_title": "Site Vitrine", "active": 1, "project_type": 1, "project_image": 3, "created_at": "2020-08-17T00:00:00Z"}}, {"model": "webapp.project", "pk": 4, "fields": {"name": "bnp-senegal", "title": "BNP Paribas - S\u00e9n\u00e9gal", "sub_title": "Flash", "active": 1, "project_type": 3, "project_image": 4, "created_at": "2020-08-17T00:00:00Z"}}, {"model": "webapp.apptype", "pk": 1, "fields": {"app_type_name": "used"}}, {"model": "webapp.apptype", "pk": 2, "fields": {"app_type_name": "made"}}, {"model": "webapp.projectapp", "pk": 1, "fields": {"name": "Photoshop CS4", "app_type_id": 1, "project_id": 1}}, {"model": "webapp.projectapp", "pk": 2, "fields": {"name": "Illustrator CS4", "app_type_id": 1, "project_id": 1}}, {"model": "webapp.projectapp", "pk": 3, "fields": {"name": "Webdesign & Int\u00e9gration", "app_type_id": 2, "project_id": 2}}, {"model": "webapp.projectapp", "pk": 4, "fields": {"name": "CMS Joomla & Virtuemart (Boutique en ligne)", "app_type_id": 2, "project_id": 2}}, {"model": "webapp.projectapp", "pk": 5, "fields": {"name": "Animations flash", "app_type_id": 2, "project_id": 2}}, {"model": "webapp.projectapp", "pk": 6, "fields": {"name": "Mise en place du Blog (Wordpress)", "app_type_id": 2, "project_id": 2}}, {"model": "webapp.projectapp", "pk": 7, "fields": {"name": "Maintenance du site", "app_type_id": 2, "project_id": 2}}, {"model": "webapp.projectapp", "pk": 8, "fields": {"name": "D\u00e9veloppement de modules en PHP sous Joomla", "app_type_id": 2, "project_id": 2}}, {"model": "webapp.projectapp", "pk": 9, "fields": {"name": "Webdesign & Int\u00e9gration", "app_type_id": 2, "project_id": 3}}, {"model": "webapp.projectapp", "pk": 10, "fields": {"name": "CMS Joomla", "app_type_id": 2, "project_id": 3}}, {"model": "webapp.projectapp", "pk": 11, "fields": {"name": "Cr\u00e9ation de la page Facebook", "app_type_id": 2, "project_id": 3}}, {"model": "webapp.projectapp", "pk": 12, "fields": {"name": "Maintenance du site", "app_type_id": 2, "project_id": 3}}, {"model": "webapp.projectapp", "pk": 13, "fields": {"name": "D\u00e9veloppement de modules en PHP sous Joomla", "app_type_id": 2, "project_id": 3}}, {"model": "webapp.projectapp", "pk": 14, "fields": {"name": "D\u00e9veloppement AS2", "app_type_id": 2, "project_id": 4}}, {"model": "webapp.projectapp", "pk": 15, "fields": {"name": "Back-office (Interfa\u00e7age Flash - Php - Xml)", "app_type_id": 2, "project_id": 4}}, {"model": "webapp.projectapp", "pk": 16, "fields": {"name": "Adobe Flash CS4", "app_type_id": 1, "project_id": 4}}, {"model": "webapp.projectapp", "pk": 17, "fields": {"name": "Notepad++", "app_type_id": 1, "project_id": 4}}, {"model": "webapp.projectclient", "pk": 1, "fields": {"name": "Ecole", "value": "IUT SRC de Saint-Rapha\u00ebl", "order": "1", "project_id": 1}}, {"model": "webapp.projectclient", "pk": 2, "fields": {"name": "Contrat", "value": "Alternance", "order": "2", "project_id": 1}}, {"model": "webapp.projectclient", "pk": 3, "fields": {"name": "Dipl\u00f4me", "value": "DUT SRC", "order": "3", "project_id": 1}}, {"model": "webapp.projectclient", "pk": 4, "fields": {"name": "Date", "value": "2009", "order": "4", "project_id": 1}}, {"model": "webapp.projectclient", "pk": 5, "fields": {"name": "Client", "value": "Edition Limitee", "order": "1", "project_id": 2}}, {"model": "webapp.projectclient", "pk": 6, "fields": {"name": "Agence", "value": "Internet-cmwa", "order": "2", "project_id": 2}}, {"model": "webapp.projectclient", "pk": 7, "fields": {"name": "Date", "value": "2010", "order": "3", "project_id": 2}}, {"model": "webapp.projectclient", "pk": 8, "fields": {"name": "Client", "value": "La ferme des Sonnailles", "order": "1", "project_id": 3}}, {"model": "webapp.projectclient", "pk": 9, "fields": {"name": "Agence", "value": "Internet-cmwa", "order": "2", "project_id": 3}}, {"model": "webapp.projectclient", "pk": 10, "fields": {"name": "Date", "value": "2011", "order": "3", "project_id": 3}}, {"model": "webapp.projectclient", "pk": 11, "fields": {"name": "Client", "value": "BNP Paribas Cardif", "order": "1", "project_id": 4}}, {"model": "webapp.projectclient", "pk": 12, "fields": {"name": "Contrat", "value": "Alternance", "order": "2", "project_id": 4}}, {"model": "webapp.projectclient", "pk": 13, "fields": {"name": "Dipl\u00f4me", "value": "Concepteur R\u00e9alisateur Web", "order": "3", "project_id": 4}}, {"model": "webapp.projectclient", "pk": 14, "fields": {"name": "Date", "value": "2010-2012", "order": "3", "project_id": 4}}, {"model": "webapp.projectcontent", "pk": 1, "fields": {"content": "<p>Maquette de site internet pour le projet \"l'apero.net\".<br/>\n<br/ >Il s'agit d'un projet de site internet r\u00e9alis\u00e9 dans le cadre de mon DUT SRC.</p>\n<p>Projet actuellement en Stand-by.</p>", "color_setting": "#c8c9ca", "project_id": 1}}, {"model": "webapp.projectcontent", "pk": 2, "fields": {"content": "<p>Site E-commerce et blog de la marque de luxe \"Edition limitee\".<br />Il s'agit d'un projet r\u00e9alis\u00e9 en tant qu'auto-entrepreneur avec l'agence Internet-cmwa.</p>", "color_setting": "#a6a6a7", "project_id": 2}}, {"model": "webapp.projectcontent", "pk": 3, "fields": {"content": "<p>Site vitrine pour l'entreprise \"la Ferme des Sonnailles\".<br />Il s'agit d'un projet r\u00e9alis\u00e9 en tant qu'auto-entrepreneur et dans le cadre de mon projet de fin d'ann\u00e9e durant ma licence.<br/>Pr\u00e9sentation du projet pr\u00e9vu pour f\u00e9vrier 2012.</p>", "color_setting": "#68b2e2", "project_id": 3}}, {"model": "webapp.projectcontent", "pk": 4, "fields": {"content": "<p>Application Flash en AS2 dans le cadre d'un challenge qui r\u00e9compensait les salari\u00e9s avec un voyage au S\u00e9n\u00e9gal.<br />Il s'agit de projets sur lesquels j'ai contribu\u00e9 durant mon alternance chez BNP Paribas.</p>", "color_setting": "#a8c1ba", "project_id": 4}}, {"model": "webapp.projectgalerie", "pk": 1, "fields": {"path": "projets/galerie/projet-11/lapero-1.jpg", "alt": "l'ap\u00e9ro.net - 1", "project_id": 1}}, {"model": "webapp.projectgalerie", "pk": 2, "fields": {"path": "projets/galerie/projet-11/lapero-2.jpg", "alt": "l'ap\u00e9ro.net - 2", "project_id": 1}}, {"model": "webapp.projectgalerie", "pk": 3, "fields": {"path": "projets/galerie/projet-1/edition-limitee-1.jpg", "alt": "Edition-limitee-marque de luxe - 1", "project_id": 2}}, {"model": "webapp.projectgalerie", "pk": 4, "fields": {"path": "projets/galerie/projet-1/edition-limitee-2.jpg", "alt": "Edition-limitee-marque de luxe - 2", "project_id": 2}}, {"model": "webapp.projectgalerie", "pk": 5, "fields": {"path": "projets/galerie/projet-1/edition-limitee-3.jpg", "alt": "Edition-limitee-marque de luxe - 3", "project_id": 2}}, {"model": "webapp.projectgalerie", "pk": 6, "fields": {"path": "projets/galerie/projet-1/edition-limitee-4.jpg", "alt": "Edition-limitee-marque de luxe - 4", "project_id": 2}}, {"model": "webapp.projectgalerie", "pk": 7, "fields": {"path": "projets/galerie/projet-1/edition-limitee-5.jpg", "alt": "Edition-limitee-marque de luxe - 5", "project_id": 2}}, {"model": "webapp.projectgalerie", "pk": 8, "fields": {"path": "projets/galerie/projet-2/ferme-sonnailles-1.jpg", "alt": "La ferme des Sonnailles - 1", "project_id": 3}}, {"model": "webapp.projectgalerie", "pk": 9, "fields": {"path": "projets/galerie/projet-2/ferme-sonnailles-2.jpg", "alt": "La ferme des Sonnailles - 2", "project_id": 3}}, {"model": "webapp.projectgalerie", "pk": 10, "fields": {"path": "projets/galerie/projet-2/ferme-sonnailles-3.jpg", "alt": "La ferme des Sonnailles - 3", "project_id": 3}}, {"model": "webapp.projectgalerie", "pk": 11, "fields": {"path": "projets/galerie/projet-13/bnp-senegal-1.jpg", "alt": "BNP Paribas - S\u00e9n\u00e9gal - 1", "project_id": 4}}, {"model": "webapp.projectgalerie", "pk": 12, "fields": {"path": "projets/galerie/projet-13/bnp-senegal-2.jpg", "alt": "BNP Paribas - S\u00e9n\u00e9gal - 2", "project_id": 4}}, {"model": "webapp.projectgalerie", "pk": 13, "fields": {"path": "projets/galerie/projet-13/bnp-senegal-3.jpg", "alt": "BNP Paribas - S\u00e9n\u00e9gal - 3", "project_id": 4}}]